{
"lengthUnit": "mil",
"components": {
	"fields": ["COMPONENT_NO", "COMPONENT_NAME", "LAYER", "X_COORDINATE", "Y_COORDINATE", "ANGLE"],
	"rows": [
		[1, "ESP8266%0AWemos D1 mini", "T", -1065, 1000, 90],
		[2, "U1", "T", -205.51, 130.59, 0]
	]
},
"pins": {
	"fields": ["PIN_NO", "PIN_NAME", "PIN_X", "PIN_Y", "LAYER", "PIN_TYPE", "NET_NAME", "NET_TYPE", "PAD_SHAPE", "PAD_SIZEX", "PAD_SIZEY", "HOLE_SIZE", "PAD_ANGLE"],
	"rows": [
		[1, "ESP8266%250AWemos D1 mini_1", -1515, 1350, "T", "DIP", "ESP8266%250AWemos D1 mini_1", "", "C", 70.87, 70.87, 40, 90],
		[2, "ESP8266%250AWemos D1 mini_1", -1515, 1350, "B", "DIP", "ESP8266%250AWemos D1 mini_1", "", "C", 70.87, 70.87, 40, 90],
		[3, "ESP8266%250AWemos D1 mini_2", -1515, 1250, "T", "DIP", "ESP8266%250AWemos D1 mini_2", "", "C", 70.87, 70.87, 40, 90],
		[4, "ESP8266%250AWemos D1 mini_2", -1515, 1250, "B", "DIP", "ESP8266%250AWemos D1 mini_2", "", "C", 70.87, 70.87, 40, 90],
		[5, "ESP8266%250AWemos D1 mini_3", -1515, 1150, "T", "DIP", "ESP8266%250AWemos D1 mini_3", "", "C", 70.87, 70.87, 40, 90],
		[6, "ESP8266%250AWemos D1 mini_3", -1515, 1150, "B", "DIP", "ESP8266%250AWemos D1 mini_3", "", "C", 70.87, 70.87, 40, 90],
		[7, "ESP8266%250AWemos D1 mini_4", -1515, 1050, "T", "DIP", "ESP8266%250AWemos D1 mini_4", "", "C", 70.87, 70.87, 40, 90],
		[8, "ESP8266%250AWemos D1 mini_4", -1515, 1050, "B", "DIP", "ESP8266%250AWemos D1 mini_4", "", "C", 70.87, 70.87, 40, 90],
		[9, "ESP8266%250AWemos D1 mini_5", -1515, 950, "T", "DIP", "ESP8266%250AWemos D1 mini_5", "", "C", 70.87, 70.87, 40, 90],
		[10, "ESP8266%250AWemos D1 mini_5", -1515, 950, "B", "DIP", "ESP8266%250AWemos D1 mini_5", "", "C", 70.87, 70.87, 40, 90],
		[11, "ESP8266%250AWemos D1 mini_6", -1515, 850, "T", "DIP", "ESP8266%250AWemos D1 mini_6", "", "C", 70.87, 70.87, 40, 90],
		[12, "ESP8266%250AWemos D1 mini_6", -1515, 850, "B", "DIP", "ESP8266%250AWemos D1 mini_6", "", "C", 70.87, 70.87, 40, 90],
		[13, "ESP8266%250AWemos D1 mini_7", -1515, 750, "T", "DIP", "ESP8266%250AWemos D1 mini_7", "", "C", 70.87, 70.87, 40, 90],
		[14, "ESP8266%250AWemos D1 mini_7", -1515, 750, "B", "DIP", "ESP8266%250AWemos D1 mini_7", "", "C", 70.87, 70.87, 40, 90],
		[15, "ESP8266%250AWemos D1 mini_8", -1515, 650, "T", "DIP", "ESP8266%250AWemos D1 mini_8", "", "C", 70.87, 70.87, 40, 90],
		[16, "ESP8266%250AWemos D1 mini_8", -1515, 650, "B", "DIP", "ESP8266%250AWemos D1 mini_8", "", "C", 70.87, 70.87, 40, 90],
		[17, "ESP8266%250AWemos D1 mini_9", -615, 650, "T", "DIP", "+5V", "", "C", 70.87, 70.87, 40, 90],
		[18, "ESP8266%250AWemos D1 mini_9", -615, 650, "B", "DIP", "+5V", "", "C", 70.87, 70.87, 40, 90],
		[19, "ESP8266%250AWemos D1 mini_10", -615, 750, "T", "DIP", "GND", "GND", "C", 70.87, 70.87, 40, 90],
		[20, "ESP8266%250AWemos D1 mini_10", -615, 750, "B", "DIP", "GND", "GND", "C", 70.87, 70.87, 40, 90],
		[21, "ESP8266%250AWemos D1 mini_11", -615, 850, "T", "DIP", "ESP8266%250AWemos D1 mini_11", "", "C", 70.87, 70.87, 40, 90],
		[22, "ESP8266%250AWemos D1 mini_11", -615, 850, "B", "DIP", "ESP8266%250AWemos D1 mini_11", "", "C", 70.87, 70.87, 40, 90],
		[23, "ESP8266%250AWemos D1 mini_12", -615, 950, "T", "DIP", "ESP8266%250AWemos D1 mini_12", "", "C", 70.87, 70.87, 40, 90],
		[24, "ESP8266%250AWemos D1 mini_12", -615, 950, "B", "DIP", "ESP8266%250AWemos D1 mini_12", "", "C", 70.87, 70.87, 40, 90],
		[25, "ESP8266%250AWemos D1 mini_13", -615, 1050, "T", "DIP", "ESP8266%250AWemos D1 mini_13", "", "C", 70.87, 70.87, 40, 90],
		[26, "ESP8266%250AWemos D1 mini_13", -615, 1050, "B", "DIP", "ESP8266%250AWemos D1 mini_13", "", "C", 70.87, 70.87, 40, 90],
		[27, "ESP8266%250AWemos D1 mini_14", -615, 1150, "T", "DIP", "ESP8266%250AWemos D1 mini_14", "", "C", 70.87, 70.87, 40, 90],
		[28, "ESP8266%250AWemos D1 mini_14", -615, 1150, "B", "DIP", "ESP8266%250AWemos D1 mini_14", "", "C", 70.87, 70.87, 40, 90],
		[29, "ESP8266%250AWemos D1 mini_15", -615, 1250, "T", "DIP", "$1N6045", "", "C", 70.87, 70.87, 40, 90],
		[30, "ESP8266%250AWemos D1 mini_15", -615, 1250, "B", "DIP", "$1N6045", "", "C", 70.87, 70.87, 40, 90],
		[31, "ESP8266%250AWemos D1 mini_16", -615, 1350, "T", "DIP", "$1N5849", "", "C", 70.87, 70.87, 40, 90],
		[32, "ESP8266%250AWemos D1 mini_16", -615, 1350, "B", "DIP", "$1N5849", "", "C", 70.87, 70.87, 40, 90],
		[33, "U1_1", -205.51, 130.59, "T", "SMD", "GND", "GND", "R", 78.74, 236.22, 0, 0],
		[34, "U1_2", -361.42, 130.59, "T", "SMD", "+5V", "", "R", 78.74, 236.22, 0, 0],
		[35, "U1_3", -517.32, 130.59, "T", "SMD", "U1_3", "", "R", 78.74, 236.22, 0, 0],
		[36, "U1_4", -673.23, 130.59, "T", "SMD", "U1_4", "", "R", 78.74, 236.22, 0, 0],
		[37, "U1_5", -829.13, 130.59, "T", "SMD", "U1_5", "", "R", 78.74, 236.22, 0, 0],
		[38, "U1_6", -985.04, 130.59, "T", "SMD", "U1_6", "", "R", 78.74, 236.22, 0, 0],
		[39, "U1_7", -1140.94, 130.59, "T", "SMD", "U1_7", "", "R", 78.74, 236.22, 0, 0],
		[40, "U1_8", -1296.85, 130.59, "T", "SMD", "U1_8", "", "R", 78.74, 236.22, 0, 0],
		[41, "U1_9", -1452.76, 130.59, "T", "SMD", "U1_9", "", "R", 78.74, 236.22, 0, 0],
		[42, "U1_10", -1608.66, 130.59, "T", "SMD", "U1_10", "", "R", 78.74, 236.22, 0, 0],
		[43, "U1_11", -1764.57, 130.59, "T", "SMD", "U1_11", "", "R", 78.74, 236.22, 0, 0],
		[44, "U1_12", -1920.47, 130.59, "T", "SMD", "GND", "GND", "R", 78.74, 236.22, 0, 0],
		[45, "U1_13", -205.51, 130.59, "B", "SMD", "U1_13", "", "R", 78.74, 236.22, 0, 0],
		[46, "U1_14", -361.42, 130.59, "B", "SMD", "$1N5849", "", "R", 78.74, 236.22, 0, 0],
		[47, "U1_15", -517.32, 130.59, "B", "SMD", "$1N5849", "", "R", 78.74, 236.22, 0, 0],
		[48, "U1_16", -673.23, 130.59, "B", "SMD", "U1_16", "", "R", 78.74, 236.22, 0, 0],
		[49, "U1_17", -829.13, 130.59, "B", "SMD", "U1_17", "", "R", 78.74, 236.22, 0, 0],
		[50, "U1_18", -985.04, 130.59, "B", "SMD", "U1_18", "", "R", 78.74, 236.22, 0, 0],
		[51, "U1_19", -1140.94, 130.59, "B", "SMD", "U1_19", "", "R", 78.74, 236.22, 0, 0],
		[52, "U1_20", -1296.85, 130.59, "B", "SMD", "U1_20", "", "R", 78.74, 236.22, 0, 0],
		[53, "U1_21", -1452.76, 130.59, "B", "SMD", "U1_21", "", "R", 78.74, 236.22, 0, 0],
		[54, "U1_22", -1608.66, 130.59, "B", "SMD", "U1_22", "", "R", 78.74, 236.22, 0, 0],
		[55, "U1_23", -1764.57, 130.59, "B", "SMD", "$1N6045", "", "R", 78.74, 236.22, 0, 0],
		[56, "U1_24", -1920.47, 130.59, "B", "SMD", "U1_24", "", "R", 78.74, 236.22, 0, 0]
	]
}
}